title,rating
Big Shot Diary of a Wimpy Kid Book 16,"2,566"
Harry Potter Paperback Box Set (Books 1-7),"58,133"
Cat Kid Comic Club: Perspectives: A Graphic Novel (Cat Kid Comic Club #2): From the Creator of Dog Man,119
Johnny the Walrus,27
How to Catch an Elf,"4,505"
"I Am Confident, Brave & Beautiful: A Coloring Book for Girls","26,389"
How to Draw 101 Animals (1),"18,115"
Difficult Riddles For Smart Kids: 300 Difficult Riddles And Brain Teasers Families Will Love (Books for Smart Kids),"22,928"
I Love You to the Moon and Back,"44,301"
How to Catch a Mermaid,"23,453"
If Animals Kissed Good Night,"57,951"
The Big Book of Silly Jokes for Kids,"15,441"
Harry Potter Paperback Box Set (Books 1-7),"58,133"
Big Shot Diary of a Wimpy Kid Book 16,"2,566"
The Christmas Pig,902
"Elephant & Piggie: The Complete Collection (An Elephant & Piggie Book) (Elephant and Piggie Book, An)","2,927"
Melissa & Doug Children's Book - Poke-a-Dot: Old MacDonald’s Farm (Board Book with Buttons to Pop),"7,396"
Percy Jackson and the Olympians 5 Book Paperback Boxed Set (new covers w/poster) (Percy Jackson & the Olympians),"26,988"
Little Blue Truck's Christmas,"12,145"
Polar Express 30th anniversary edition,"14,223"
Klutz Book of Paper Airplanes Craft Kit,"3,586"
How to Catch an Elf,"4,505"
Little Red Sleigh: A Heartwarming Christmas Book For Children,928
The Complete Cookbook for Young Chefs: 100+ Recipes that You'll Love to Cook and Eat,"15,966"
Cat Kid Comic Club: Perspectives: A Graphic Novel (Cat Kid Comic Club #2): From the Creator of Dog Man,119
The Christmas Pig,902
"You are an Amazing Girl: A Collection of Inspiring Stories about Courage, Friendship, Inner Strength and Self-Confidence",9
title,rating
Big Shot Diary of a Wimpy Kid Book 16,"2,567"
Harry Potter Paperback Box Set (Books 1-7),"58,135"
Cat Kid Comic Club: Perspectives: A Graphic Novel (Cat Kid Comic Club #2): From the Creator of Dog Man,121
Johnny the Walrus,27
How to Catch an Elf,"4,505"
"I Am Confident, Brave & Beautiful: A Coloring Book for Girls","26,390"
Difficult Riddles For Smart Kids: 300 Difficult Riddles And Brain Teasers Families Will Love (Books for Smart Kids),"22,929"
How to Draw 101 Animals (1),"18,117"
I Love You to the Moon and Back,"44,305"
How to Catch a Mermaid,"23,458"
If Animals Kissed Good Night,"57,955"
The Big Book of Silly Jokes for Kids,"15,441"
Harry Potter Paperback Box Set (Books 1-7),"58,135"
Big Shot Diary of a Wimpy Kid Book 16,"2,567"
The Christmas Pig,905
"Elephant & Piggie: The Complete Collection (An Elephant & Piggie Book) (Elephant and Piggie Book, An)","2,927"
Melissa & Doug Children's Book - Poke-a-Dot: Old MacDonald’s Farm (Board Book with Buttons to Pop),"7,396"
Percy Jackson and the Olympians 5 Book Paperback Boxed Set (new covers w/poster) (Percy Jackson & the Olympians),"26,988"
Little Blue Truck's Christmas,"12,145"
Polar Express 30th anniversary edition,"14,225"
Klutz Book of Paper Airplanes Craft Kit,"3,586"
How to Catch an Elf,"4,505"
Little Red Sleigh: A Heartwarming Christmas Book For Children,929
The Complete Cookbook for Young Chefs: 100+ Recipes that You'll Love to Cook and Eat,"15,967"
Cat Kid Comic Club: Perspectives: A Graphic Novel (Cat Kid Comic Club #2): From the Creator of Dog Man,121
The Christmas Pig,905
"You are an Amazing Girl: A Collection of Inspiring Stories about Courage, Friendship, Inner Strength and Self-Confidence",9
title,rating
Big Shot Diary of a Wimpy Kid Book 16,"2,567"
Harry Potter Paperback Box Set (Books 1-7),"58,135"
Cat Kid Comic Club: Perspectives: A Graphic Novel (Cat Kid Comic Club #2): From the Creator of Dog Man,121
Johnny the Walrus,27
How to Catch an Elf,"4,505"
"I Am Confident, Brave & Beautiful: A Coloring Book for Girls","26,390"
Difficult Riddles For Smart Kids: 300 Difficult Riddles And Brain Teasers Families Will Love (Books for Smart Kids),"22,929"
How to Draw 101 Animals (1),"18,117"
I Love You to the Moon and Back,"44,305"
How to Catch a Mermaid,"23,458"
If Animals Kissed Good Night,"57,955"
The Big Book of Silly Jokes for Kids,"15,441"
Harry Potter Paperback Box Set (Books 1-7),"58,135"
Big Shot Diary of a Wimpy Kid Book 16,"2,567"
The Christmas Pig,905
"Elephant & Piggie: The Complete Collection (An Elephant & Piggie Book) (Elephant and Piggie Book, An)","2,927"
Melissa & Doug Children's Book - Poke-a-Dot: Old MacDonald’s Farm (Board Book with Buttons to Pop),"7,396"
Percy Jackson and the Olympians 5 Book Paperback Boxed Set (new covers w/poster) (Percy Jackson & the Olympians),"26,988"
Little Blue Truck's Christmas,"12,145"
Polar Express 30th anniversary edition,"14,225"
Klutz Book of Paper Airplanes Craft Kit,"3,586"
How to Catch an Elf,"4,505"
Little Red Sleigh: A Heartwarming Christmas Book For Children,929
The Complete Cookbook for Young Chefs: 100+ Recipes that You'll Love to Cook and Eat,"15,967"
Cat Kid Comic Club: Perspectives: A Graphic Novel (Cat Kid Comic Club #2): From the Creator of Dog Man,121
The Christmas Pig,905
"You are an Amazing Girl: A Collection of Inspiring Stories about Courage, Friendship, Inner Strength and Self-Confidence",9
title,rating
Big Shot Diary of a Wimpy Kid Book 16,"2,567"
Harry Potter Paperback Box Set (Books 1-7),"58,135"
Cat Kid Comic Club: Perspectives: A Graphic Novel (Cat Kid Comic Club #2): From the Creator of Dog Man,121
Johnny the Walrus,27
How to Catch an Elf,"4,505"
"I Am Confident, Brave & Beautiful: A Coloring Book for Girls","26,390"
How to Draw 101 Animals (1),"18,117"
Difficult Riddles For Smart Kids: 300 Difficult Riddles And Brain Teasers Families Will Love (Books for Smart Kids),"22,929"
I Love You to the Moon and Back,"44,305"
How to Catch a Mermaid,"23,458"
If Animals Kissed Good Night,"57,955"
The Big Book of Silly Jokes for Kids,"15,441"
Harry Potter Paperback Box Set (Books 1-7),"58,135"
Big Shot Diary of a Wimpy Kid Book 16,"2,567"
The Christmas Pig,905
"Elephant & Piggie: The Complete Collection (An Elephant & Piggie Book) (Elephant and Piggie Book, An)","2,927"
Melissa & Doug Children's Book - Poke-a-Dot: Old MacDonald’s Farm (Board Book with Buttons to Pop),"7,396"
Percy Jackson and the Olympians 5 Book Paperback Boxed Set (new covers w/poster) (Percy Jackson & the Olympians),"26,988"
Little Blue Truck's Christmas,"12,145"
Polar Express 30th anniversary edition,"14,225"
Klutz Book of Paper Airplanes Craft Kit,"3,586"
How to Catch an Elf,"4,505"
Little Red Sleigh: A Heartwarming Christmas Book For Children,929
The Complete Cookbook for Young Chefs: 100+ Recipes that You'll Love to Cook and Eat,"15,967"
Cat Kid Comic Club: Perspectives: A Graphic Novel (Cat Kid Comic Club #2): From the Creator of Dog Man,121
The Christmas Pig,905
"You are an Amazing Girl: A Collection of Inspiring Stories about Courage, Friendship, Inner Strength and Self-Confidence",9
